Date,Close
3/30/2012 15:30:00,5295.55
4/2/2012 15:30:00,5317.9
4/3/2012 15:30:00,5358.5
4/4/2012 15:30:00,5322.9
4/9/2012 15:30:00,5234.4
4/10/2012 15:30:00,5243.6
4/11/2012 15:30:00,5226.85
4/12/2012 15:30:00,5276.85
4/13/2012 15:30:00,5207.45
4/16/2012 15:30:00,5226.2
4/17/2012 15:30:00,5289.7
4/18/2012 15:30:00,5300
4/19/2012 15:30:00,5332.4
4/20/2012 15:30:00,5290.85
4/23/2012 15:30:00,5200.6
4/24/2012 15:30:00,5222.65
4/25/2012 15:30:00,5202
4/26/2012 15:30:00,5189
4/27/2012 15:30:00,5190.6
4/30/2012 15:30:00,5248.15
5/2/2012 15:30:00,5239.15
5/3/2012 15:30:00,5188.4
5/4/2012 15:30:00,5086.85
5/7/2012 15:30:00,5114.15
5/8/2012 15:30:00,4999.95
5/9/2012 15:30:00,4974.8
5/10/2012 15:30:00,4965.7
5/11/2012 15:30:00,4928.9
5/14/2012 15:30:00,4907.8
5/15/2012 15:30:00,4942.8
5/16/2012 15:30:00,4858.25
5/17/2012 15:30:00,4870.2
5/18/2012 15:30:00,4891.45
5/21/2012 15:30:00,4906.05
5/22/2012 15:30:00,4860.5
5/23/2012 15:30:00,4835.65
5/24/2012 15:30:00,4921.4
5/25/2012 15:30:00,4920.4
5/28/2012 15:30:00,4985.65
5/29/2012 15:30:00,4990.1
5/30/2012 15:30:00,4950.75
5/31/2012 15:30:00,4924.25
6/1/2012 15:30:00,4841.6
6/4/2012 15:30:00,4848.15
6/5/2012 15:30:00,4863.3
6/6/2012 15:30:00,4997.1
6/7/2012 15:30:00,5049.65
6/8/2012 15:30:00,5068.35
6/11/2012 15:30:00,5054.1
6/12/2012 15:30:00,5115.9
6/13/2012 15:30:00,5121.45
6/14/2012 15:30:00,5054.75
6/15/2012 15:30:00,5139.05
6/18/2012 15:30:00,5064.25
6/19/2012 15:30:00,5103.85
6/20/2012 15:30:00,5120.55
6/21/2012 15:30:00,5165
6/22/2012 15:30:00,5146.05
6/25/2012 15:30:00,5114.65
6/26/2012 15:30:00,5120.8
6/27/2012 15:30:00,5141.9
6/28/2012 15:30:00,5149.15
6/29/2012 15:30:00,5278.9
7/2/2012 15:30:00,5278.6
7/3/2012 15:30:00,5287.95
7/4/2012 15:30:00,5302.55
7/5/2012 15:30:00,5327.3
7/6/2012 15:30:00,5316.95
7/9/2012 15:30:00,5275.15
7/10/2012 15:30:00,5345.35
7/11/2012 15:30:00,5306.3
7/12/2012 15:30:00,5235.25
7/13/2012 15:30:00,5227.25
7/16/2012 15:30:00,5197.25
7/17/2012 15:30:00,5192.85
7/18/2012 15:30:00,5216.3
7/19/2012 15:30:00,5242.7
7/20/2012 15:30:00,5205.1
7/23/2012 15:30:00,5117.95
7/24/2012 15:30:00,5128.2
7/25/2012 15:30:00,5109.6
7/26/2012 15:30:00,5043
7/27/2012 15:30:00,5099.85
7/30/2012 15:30:00,5199.8
7/31/2012 15:30:00,5229
8/1/2012 15:30:00,5240.5
8/2/2012 15:30:00,5227.75
8/3/2012 15:30:00,5215.7
8/6/2012 15:30:00,5282.55
8/7/2012 15:30:00,5336.7
8/8/2012 15:30:00,5338
8/9/2012 15:30:00,5322.95
8/10/2012 15:30:00,5320.4
8/13/2012 15:30:00,5347.9
8/14/2012 15:30:00,5380.35
8/16/2012 15:30:00,5362.95
8/17/2012 15:30:00,5366.3
8/21/2012 15:30:00,5421
8/22/2012 15:30:00,5412.85
8/23/2012 15:30:00,5415.35
8/24/2012 15:30:00,5386.7
8/27/2012 15:30:00,5350.25
8/28/2012 15:30:00,5334.6
8/29/2012 15:30:00,5287.8
8/30/2012 15:30:00,5315.05
8/31/2012 15:30:00,5258.5
9/3/2012 15:30:00,5253.75
9/4/2012 15:30:00,5274
9/5/2012 15:30:00,5225.7
9/6/2012 15:30:00,5238.4
9/7/2012 15:30:00,5342.1
9/10/2012 15:30:00,5363.45
9/11/2012 15:30:00,5390
9/12/2012 15:30:00,5431
9/13/2012 15:30:00,5435.35
9/14/2012 15:30:00,5577.65
9/17/2012 15:30:00,5610
9/18/2012 15:30:00,5600.05
9/20/2012 15:30:00,5554.25
9/21/2012 15:30:00,5691.15
9/24/2012 15:30:00,5669.6
9/25/2012 15:30:00,5673.9
9/26/2012 15:30:00,5663.45
9/27/2012 15:30:00,5649.5
9/28/2012 15:30:00,5703.3
10/1/2012 15:30:00,5718.8
10/3/2012 15:30:00,5731.25
10/4/2012 15:30:00,5787.6
10/5/2012 15:30:00,5746.95
10/8/2012 15:30:00,5676
10/9/2012 15:30:00,5704.6
10/10/2012 15:30:00,5652.15
10/11/2012 15:30:00,5708.05
10/12/2012 15:30:00,5676.05
10/15/2012 15:30:00,5687.25
10/16/2012 15:30:00,5648
10/17/2012 15:30:00,5660.25
10/18/2012 15:30:00,5718.7
10/19/2012 15:30:00,5684.25
10/22/2012 15:30:00,5717.15
10/23/2012 15:30:00,5691.4
10/25/2012 15:30:00,5705.3
10/26/2012 15:30:00,5664.3
10/29/2012 15:30:00,5665.6
10/30/2012 15:30:00,5597.9
10/31/2012 15:30:00,5619.7
11/1/2012 15:30:00,5645.05
11/2/2012 15:30:00,5697.7
11/5/2012 15:30:00,5704.2
11/6/2012 15:30:00,5724.4
11/7/2012 15:30:00,5760.1
11/8/2012 15:30:00,5738.75
11/9/2012 15:30:00,5686.25
11/12/2012 15:30:00,5683.7
11/13/2012 15:30:00,5666.95
11/15/2012 15:30:00,5631
11/16/2012 15:30:00,5574.05
11/19/2012 15:30:00,5571.4
11/20/2012 15:30:00,5571.55
11/21/2012 15:30:00,5614.8
11/22/2012 15:30:00,5627.75
11/23/2012 15:30:00,5626.6
11/26/2012 15:30:00,5635.9
11/27/2012 15:30:00,5727.45
11/29/2012 15:30:00,5825
11/30/2012 15:30:00,5879.85
12/3/2012 15:30:00,5870.95
12/4/2012 15:30:00,5889.25
12/5/2012 15:30:00,5900.5
12/6/2012 15:30:00,5930.9
12/7/2012 15:30:00,5907.4
12/10/2012 15:30:00,5908.9
12/11/2012 15:30:00,5898.8
12/12/2012 15:30:00,5888
12/13/2012 15:30:00,5851.5
12/14/2012 15:30:00,5879.6
12/17/2012 15:30:00,5857.9
12/18/2012 15:30:00,5896.8
12/19/2012 15:30:00,5929.6
12/20/2012 15:30:00,5916.4
12/21/2012 15:30:00,5847.7
12/24/2012 15:30:00,5855.75
12/26/2012 15:30:00,5905.6
12/27/2012 15:30:00,5870.1
12/28/2012 15:30:00,5908.35
12/31/2012 15:30:00,5905.1
1/1/2013 15:30:00,5950.85
1/2/2013 15:30:00,5993.25
1/3/2013 15:30:00,6009.5
1/4/2013 15:30:00,6016.15
1/7/2013 15:30:00,5988.4
1/8/2013 15:30:00,6001.7
1/9/2013 15:30:00,5971.5
1/10/2013 15:30:00,5968.65
1/11/2013 15:30:00,5951.3
1/14/2013 15:30:00,6024.05
1/15/2013 15:30:00,6056.6
1/16/2013 15:30:00,6001.85
1/17/2013 15:30:00,6039.2
1/18/2013 15:30:00,6064.4
1/21/2013 15:30:00,6082.3
1/22/2013 15:30:00,6048.5
1/23/2013 15:30:00,6054.3
1/24/2013 15:30:00,6019.35
1/25/2013 15:30:00,6074.65
1/28/2013 15:30:00,6074.8
1/29/2013 15:30:00,6049.9
1/30/2013 15:30:00,6055.75
1/31/2013 15:30:00,6034.75
2/1/2013 15:30:00,5998.9
2/4/2013 15:30:00,5987.25
2/5/2013 15:30:00,5956.9
2/6/2013 15:30:00,5959.2
2/7/2013 15:30:00,5938.8
2/8/2013 15:30:00,5903.5
2/11/2013 15:30:00,5897.85
2/12/2013 15:30:00,5922.5
2/13/2013 15:30:00,5932.95
2/14/2013 15:30:00,5896.95
2/15/2013 15:30:00,5887.4
2/18/2013 15:30:00,5898.2
2/19/2013 15:30:00,5939.7
2/20/2013 15:30:00,5943.05
2/21/2013 15:30:00,5852.25
2/22/2013 15:30:00,5850.3
2/25/2013 15:30:00,5854.75
2/26/2013 15:30:00,5761.35
2/27/2013 15:30:00,5796.9
2/28/2013 15:30:00,5693.05
3/1/2013 15:30:00,5719.7
3/4/2013 15:30:00,5698.5
3/5/2013 15:30:00,5784.25
3/6/2013 15:30:00,5818.6
3/7/2013 15:30:00,5863.3
3/8/2013 15:30:00,5945.7
3/11/2013 15:30:00,5942.35
3/12/2013 15:30:00,5914.1
3/13/2013 15:30:00,5851.2
3/14/2013 15:30:00,5908.95
3/15/2013 15:30:00,5872.6
3/18/2013 15:30:00,5835.25
3/19/2013 15:30:00,5745.95
3/20/2013 15:30:00,5694.4
3/21/2013 15:30:00,5658.75
3/22/2013 15:30:00,5651.35
3/25/2013 15:30:00,5633.85
3/26/2013 15:30:00,5641.6
3/28/2013 15:30:00,5682.55
4/1/2013 15:30:00,5704.4
4/2/2013 15:30:00,5748.1
4/3/2013 15:30:00,5672.9
4/4/2013 15:30:00,5574.75
4/5/2013 15:30:00,5553.25
4/8/2013 15:30:00,5542.95
4/9/2013 15:30:00,5495.1
4/10/2013 15:30:00,5558.7
4/11/2013 15:30:00,5594
4/12/2013 15:30:00,5528.55
4/15/2013 15:30:00,5568.4
4/16/2013 15:30:00,5688.95
4/17/2013 15:30:00,5688.7
4/18/2013 15:30:00,5783.1
4/22/2013 15:30:00,5834.4
4/23/2013 15:30:00,5836.9
4/25/2013 15:30:00,5916.3
4/26/2013 15:30:00,5871.45
4/29/2013 15:30:00,5904.1
4/30/2013 15:30:00,5930.2
5/2/2013 15:30:00,5999.35
5/3/2013 15:30:00,5944
5/6/2013 15:30:00,5971.05
5/7/2013 15:30:00,6043.55
5/8/2013 15:30:00,6069.3
5/9/2013 15:30:00,6050.15
5/10/2013 15:30:00,6094.75
5/13/2013 15:30:00,5980.45
5/14/2013 15:30:00,5995.4
5/15/2013 15:30:00,6146.75
5/16/2013 15:30:00,6169.9
5/17/2013 15:30:00,6187.3
5/20/2013 15:30:00,6156.9
5/21/2013 15:30:00,6114.1
5/22/2013 15:30:00,6094.5
5/23/2013 15:30:00,5967.05
5/24/2013 15:30:00,5983.55
5/27/2013 15:30:00,6083.15
5/28/2013 15:30:00,6111.25
5/29/2013 15:30:00,6104.3
5/30/2013 15:30:00,6124.05
5/31/2013 15:30:00,5985.95
6/3/2013 15:30:00,5939.3
6/4/2013 15:30:00,5919.45
6/5/2013 15:30:00,5923.85
6/6/2013 15:30:00,5921.4
6/7/2013 15:30:00,5881
6/10/2013 15:30:00,5878
6/11/2013 15:30:00,5788.8
6/12/2013 15:30:00,5760.2
6/13/2013 15:30:00,5699.1
6/14/2013 15:30:00,5808.4
6/17/2013 15:30:00,5850.05
6/18/2013 15:30:00,5813.6
6/19/2013 15:30:00,5822.25
6/20/2013 15:30:00,5655.9
6/21/2013 15:30:00,5667.65
6/24/2013 15:30:00,5590.25
6/25/2013 15:30:00,5609.1
6/26/2013 15:30:00,5588.7
6/27/2013 15:30:00,5682.35
6/28/2013 15:30:00,5842.2
7/1/2013 15:30:00,5898.85
7/2/2013 15:30:00,5857.55
7/3/2013 15:30:00,5770.9
7/4/2013 15:30:00,5836.95
7/5/2013 15:30:00,5867.9
7/8/2013 15:30:00,5811.55
7/9/2013 15:30:00,5859
7/10/2013 15:30:00,5816.7
7/11/2013 15:30:00,5935.1
7/12/2013 15:30:00,6009
7/15/2013 15:30:00,6030.8
7/16/2013 15:30:00,5955.25
7/17/2013 15:30:00,5973.3
7/18/2013 15:30:00,6038.05
7/19/2013 15:30:00,6029.2
7/22/2013 15:30:00,6031.8
7/23/2013 15:30:00,6077.8
7/24/2013 15:30:00,5990.5
7/25/2013 15:30:00,5907.5
7/26/2013 15:30:00,5886.2
7/29/2013 15:30:00,5831.65
7/30/2013 15:30:00,5755.05
7/31/2013 15:30:00,5742
8/1/2013 15:30:00,5727.85
8/2/2013 15:30:00,5677.9
8/5/2013 15:30:00,5685.4
8/6/2013 15:30:00,5542.25
8/7/2013 15:30:00,5519.1
8/8/2013 15:30:00,5565.65
8/12/2013 15:30:00,5612.4
8/13/2013 15:30:00,5699.3
8/14/2013 15:30:00,5742.3
8/16/2013 15:30:00,5507.85
8/19/2013 15:30:00,5414.75
8/20/2013 15:30:00,5401.45
8/21/2013 15:30:00,5302.55
8/22/2013 15:30:00,5408.45
8/23/2013 15:30:00,5471.75
8/26/2013 15:30:00,5476.5
8/27/2013 15:30:00,5287.45
8/28/2013 15:30:00,5285
8/29/2013 15:30:00,5409.05
8/30/2013 15:30:00,5471.8
9/2/2013 15:30:00,5550.75
9/3/2013 15:30:00,5341.45
9/4/2013 15:30:00,5448.1
9/5/2013 15:30:00,5592.95
9/6/2013 15:30:00,5680.4
9/10/2013 15:30:00,5896.75
9/11/2013 15:30:00,5913.15
9/12/2013 15:30:00,5850.7
9/13/2013 15:30:00,5850.6
9/16/2013 15:30:00,5840.55
9/17/2013 15:30:00,5850.2
9/18/2013 15:30:00,5899.45
9/19/2013 15:30:00,6115.55
9/20/2013 15:30:00,6012.1
9/23/2013 15:30:00,5889.75
9/24/2013 15:30:00,5892.45
9/25/2013 15:30:00,5873.85
9/26/2013 15:30:00,5882.25
9/27/2013 15:30:00,5833.2
9/30/2013 15:30:00,5735.3
10/1/2013 15:30:00,5780.05
10/3/2013 15:30:00,5909.7
10/4/2013 15:30:00,5907.3
10/7/2013 15:30:00,5906.15
10/8/2013 15:30:00,5928.4
10/9/2013 15:30:00,6007.45
10/10/2013 15:30:00,6020.95
10/11/2013 15:30:00,6096.2
10/14/2013 15:30:00,6112.7
10/15/2013 15:30:00,6089.05
10/17/2013 15:30:00,6045.85
10/18/2013 15:30:00,6189.35
10/21/2013 15:30:00,6204.95
10/22/2013 15:30:00,6202.8
10/23/2013 15:30:00,6178.35
10/24/2013 15:30:00,6164.35
10/25/2013 15:30:00,6144.9
10/28/2013 15:30:00,6101.1
10/29/2013 15:30:00,6220.9
10/30/2013 15:30:00,6251.7
10/31/2013 15:30:00,6299.15
11/1/2013 15:30:00,6307.2
11/5/2013 15:30:00,6253.15
11/6/2013 15:30:00,6215.15
11/7/2013 15:30:00,6187.25
11/8/2013 15:30:00,6140.75
11/11/2013 15:30:00,6078.8
11/12/2013 15:30:00,6018.05
11/13/2013 15:30:00,5989.6
11/14/2013 15:30:00,6056.15
11/18/2013 15:30:00,6189
11/19/2013 15:30:00,6203.35
11/20/2013 15:30:00,6122.9
11/21/2013 15:30:00,5999.05
11/22/2013 15:30:00,5995.45
11/25/2013 15:30:00,6115.35
11/26/2013 15:30:00,6059.1
11/27/2013 15:30:00,6057.1
11/28/2013 15:30:00,6091.85
11/29/2013 15:30:00,6176.1
12/2/2013 15:30:00,6217.85
12/3/2013 15:30:00,6201.85
12/4/2013 15:30:00,6160.95
12/5/2013 15:30:00,6241.1
12/6/2013 15:30:00,6259.9
12/9/2013 15:30:00,6363.9
12/10/2013 15:30:00,6332.85
12/11/2013 15:30:00,6307.9
12/12/2013 15:30:00,6237.05
12/13/2013 15:30:00,6168.4
12/16/2013 15:30:00,6154.7
12/17/2013 15:30:00,6139.05
12/18/2013 15:30:00,6217.15
12/19/2013 15:30:00,6166.65
12/20/2013 15:30:00,6274.25
12/23/2013 15:30:00,6284.5
12/24/2013 15:30:00,6268.4
12/26/2013 15:30:00,6278.9
12/27/2013 15:30:00,6313.8
12/30/2013 15:30:00,6291.1
12/31/2013 15:30:00,6304
1/1/2014 15:30:00,6301.65
1/2/2014 15:30:00,6221.15
1/3/2014 15:30:00,6211.15
1/6/2014 15:30:00,6191.45
1/7/2014 15:30:00,6162.25
1/8/2014 15:30:00,6174.6
1/9/2014 15:30:00,6168.35
1/10/2014 15:30:00,6171.45
1/13/2014 15:30:00,6272.75
1/14/2014 15:30:00,6241.85
1/15/2014 15:30:00,6320.9
1/16/2014 15:30:00,6318.9
1/17/2014 15:30:00,6261.65
1/20/2014 15:30:00,6303.95
1/21/2014 15:30:00,6313.8
1/22/2014 15:30:00,6338.95
1/23/2014 15:30:00,6345.65
1/24/2014 15:30:00,6266.75
1/27/2014 15:30:00,6135.85
1/28/2014 15:30:00,6126.25
1/29/2014 15:30:00,6120.25
1/30/2014 15:30:00,6073.7
1/31/2014 15:30:00,6089.5
2/3/2014 15:30:00,6001.8
2/4/2014 15:30:00,6000.9
2/5/2014 15:30:00,6022.4
2/6/2014 15:30:00,6036.3
2/7/2014 15:30:00,6063.2
2/10/2014 15:30:00,6053.45
2/11/2014 15:30:00,6062.7
2/12/2014 15:30:00,6084
2/13/2014 15:30:00,6001.1
2/14/2014 15:30:00,6048.35
2/17/2014 15:30:00,6073.3
2/18/2014 15:30:00,6127.1
2/20/2014 15:30:00,6091.45
2/21/2014 15:30:00,6155.45
2/24/2014 15:30:00,6186.1
2/25/2014 15:30:00,6200.05
2/26/2014 15:30:00,6238.8
2/28/2014 15:30:00,6276.95
3/3/2014 15:30:00,6221.45
3/4/2014 15:30:00,6297.95
3/5/2014 15:30:00,6328.65
3/6/2014 15:30:00,6401.15
3/7/2014 15:30:00,6526.65
3/10/2014 15:30:00,6537.25
3/11/2014 15:30:00,6511.9
3/12/2014 15:30:00,6516.9
3/13/2014 15:30:00,6493.1
3/14/2014 15:30:00,6504.2
3/18/2014 15:30:00,6516.65
3/19/2014 15:30:00,6524.05
3/20/2014 15:30:00,6483.1
3/21/2014 15:30:00,6493.2
3/24/2014 15:30:00,6583.5
3/25/2014 15:30:00,6589.75
3/26/2014 15:30:00,6601.4
3/27/2014 15:30:00,6641.75
3/28/2014 15:30:00,6695.9
3/31/2014 15:30:00,6704.2
4/1/2014 15:30:00,6721.05
4/2/2014 15:30:00,6752.55
4/3/2014 15:30:00,6736.1
4/4/2014 15:30:00,6694.35
4/7/2014 15:30:00,6695.05
4/9/2014 15:30:00,6796.2
4/10/2014 15:30:00,6796.4
4/11/2014 15:30:00,6776.3
4/15/2014 15:30:00,6733.1
4/16/2014 15:30:00,6675.3
4/17/2014 15:30:00,6779.4
4/21/2014 15:30:00,6817.65
4/22/2014 15:30:00,6815.35
4/23/2014 15:30:00,6840.8
4/25/2014 15:30:00,6782.75
4/28/2014 15:30:00,6761.25
4/29/2014 15:30:00,6715.25
4/30/2014 15:30:00,6696.4
5/2/2014 15:30:00,6694.8
5/5/2014 15:30:00,6699.35
5/6/2014 15:30:00,6715.3
5/7/2014 15:30:00,6652.55
5/8/2014 15:30:00,6659.85
5/9/2014 15:30:00,6858.8
5/12/2014 15:30:00,7014.25
5/13/2014 15:30:00,7108.75
5/14/2014 15:30:00,7108.75
5/15/2014 15:30:00,7123.15
5/16/2014 15:30:00,7203
5/19/2014 15:30:00,7263.55
5/20/2014 15:30:00,7275.5
5/21/2014 15:30:00,7252.9
5/22/2014 15:30:00,7276.4
5/23/2014 15:30:00,7367.1
5/26/2014 15:30:00,7359.05
5/27/2014 15:30:00,7318
5/28/2014 15:30:00,7329.65
5/29/2014 15:30:00,7235.65
5/30/2014 15:30:00,7229.95
6/2/2014 15:30:00,7362.5
6/3/2014 15:30:00,7415.85
6/4/2014 15:30:00,7402.25
6/5/2014 15:30:00,7474.1
6/6/2014 15:30:00,7583.4
6/9/2014 15:30:00,7654.6
6/10/2014 15:30:00,7656.4
6/11/2014 15:30:00,7626.85
6/12/2014 15:30:00,7649.9
6/13/2014 15:30:00,7542.1
6/16/2014 15:30:00,7533.55
6/17/2014 15:30:00,7631.7
6/18/2014 15:30:00,7558.2
6/19/2014 15:30:00,7540.7
6/20/2014 15:30:00,7511.45
6/23/2014 15:30:00,7493.35
6/24/2014 15:30:00,7580.2
6/25/2014 15:30:00,7569.25
6/26/2014 15:30:00,7493.2
6/27/2014 15:30:00,7508.8
6/30/2014 15:30:00,7611.35
7/1/2014 15:30:00,7634.7
7/2/2014 15:30:00,7725.15
7/3/2014 15:30:00,7714.8
7/4/2014 15:30:00,7751.6
7/7/2014 15:30:00,7787.15
7/8/2014 15:30:00,7623.2
7/9/2014 15:30:00,7585
7/10/2014 15:30:00,7567.75
7/11/2014 15:30:00,7459.6
7/14/2014 15:30:00,7454.15
7/15/2014 15:30:00,7526.65
7/16/2014 15:30:00,7624.4
7/17/2014 15:30:00,7640.45
7/18/2014 15:30:00,7663.9
7/21/2014 15:30:00,7684.2
7/22/2014 15:30:00,7767.85
7/23/2014 15:30:00,7795.75
7/24/2014 15:30:00,7830.6
7/25/2014 15:30:00,7790.45
7/28/2014 15:30:00,7748.7
7/30/2014 15:30:00,7791.4
7/31/2014 15:30:00,7721.3
8/1/2014 15:30:00,7602.6
8/4/2014 15:30:00,7683.65
8/5/2014 15:30:00,7746.55
8/6/2014 15:30:00,7672.05
8/7/2014 15:30:00,7649.25
8/8/2014 15:30:00,7568.55
8/11/2014 15:30:00,7625.95
8/12/2014 15:30:00,7727.05
8/13/2014 15:30:00,7739.55
8/14/2014 15:30:00,7791.7
8/18/2014 15:30:00,7874.25
8/19/2014 15:30:00,7897.5
8/20/2014 15:30:00,7875.3
8/21/2014 15:30:00,7891.1
8/22/2014 15:30:00,7913.2
8/25/2014 15:30:00,7906.3
8/26/2014 15:30:00,7904.75
8/27/2014 15:30:00,7936.05
8/28/2014 15:30:00,7954.35
9/1/2014 15:30:00,8027.7
9/2/2014 15:30:00,8083.05
9/3/2014 15:30:00,8114.6
9/4/2014 15:30:00,8095.95
9/5/2014 15:30:00,8086.85
9/8/2014 15:30:00,8173.9
9/9/2014 15:30:00,8152.95
9/10/2014 15:30:00,8094.1
9/11/2014 15:30:00,8085.7
9/12/2014 15:30:00,8105.5
9/15/2014 15:30:00,8042
9/16/2014 15:30:00,7932.9
9/17/2014 15:30:00,7975.5
9/18/2014 15:30:00,8114.75
9/19/2014 15:30:00,8121.45
9/22/2014 15:30:00,8146.3
9/23/2014 15:30:00,8017.55
9/24/2014 15:30:00,8002.4
9/25/2014 15:30:00,7911.85
9/26/2014 15:30:00,7968.85
9/29/2014 15:30:00,7958.9
9/30/2014 15:30:00,7964.8
10/1/2014 15:30:00,7945.55
10/7/2014 15:30:00,7852.4
10/8/2014 15:30:00,7842.7
10/9/2014 15:30:00,7960.55
10/10/2014 15:30:00,7859.95
10/13/2014 15:30:00,7884.25
10/14/2014 15:30:00,7864
10/16/2014 15:30:00,7748.2
10/17/2014 15:30:00,7779.7
10/20/2014 15:30:00,7879.4
10/21/2014 15:30:00,7927.75
10/22/2014 15:30:00,7995.9
10/23/2014 15:30:00,8017.3
10/27/2014 15:30:00,7991.7
10/28/2014 15:30:00,8027.6
10/29/2014 15:30:00,8090.45
10/30/2014 15:30:00,8169.2
10/31/2014 15:30:00,8322.2
11/3/2014 15:30:00,8324.15
11/5/2014 15:30:00,8338.3
11/7/2014 15:30:00,8337
11/10/2014 15:30:00,8344.25
11/11/2014 15:30:00,8362.65
11/12/2014 15:30:00,8383.3
11/13/2014 15:30:00,8357.85
11/14/2014 15:30:00,8389.9
11/17/2014 15:30:00,8430.75
11/18/2014 15:30:00,8425.9
11/19/2014 15:30:00,8382.3
11/20/2014 15:30:00,8401.9
11/21/2014 15:30:00,8477.35
11/24/2014 15:30:00,8530.15
11/25/2014 15:30:00,8463.1
11/26/2014 15:30:00,8475.75
11/27/2014 15:30:00,8494.2
11/28/2014 15:30:00,8588.25
12/1/2014 15:30:00,8555.9
12/2/2014 15:30:00,8524.7
12/3/2014 15:30:00,8537.65
12/4/2014 15:30:00,8564.4
12/5/2014 15:30:00,8538.3
12/8/2014 15:30:00,8438.25
12/9/2014 15:30:00,8340.7
12/10/2014 15:30:00,8355.65
12/11/2014 15:30:00,8292.9
12/12/2014 15:30:00,8224.1
12/15/2014 15:30:00,8219.6
12/16/2014 15:30:00,8067.6
12/17/2014 15:30:00,8029.8
12/18/2014 15:30:00,8159.3
12/19/2014 15:30:00,8225.2
12/22/2014 15:30:00,8324
12/23/2014 15:30:00,8267
12/24/2014 15:30:00,8174.1
12/26/2014 15:30:00,8200.7
12/29/2014 15:30:00,8246.3
12/30/2014 15:30:00,8248.25
12/31/2014 15:30:00,8282.7
1/1/2015 15:30:00,8284
1/2/2015 15:30:00,8395.45
1/5/2015 15:30:00,8378.4
1/6/2015 15:30:00,8127.35
1/7/2015 15:30:00,8102.1
1/8/2015 15:30:00,8234.6
1/9/2015 15:30:00,8284.5
1/12/2015 15:30:00,8323
1/13/2015 15:30:00,8299.4
1/14/2015 15:30:00,8277.55
1/15/2015 15:30:00,8494.15
1/16/2015 15:30:00,8513.8
1/19/2015 15:30:00,8550.7
1/20/2015 15:30:00,8695.6
1/21/2015 15:30:00,8729.5
1/22/2015 15:30:00,8761.4
1/23/2015 15:30:00,8835.6
1/27/2015 15:30:00,8910.5
1/28/2015 15:30:00,8914.3
1/29/2015 15:30:00,8952.35
1/30/2015 15:30:00,8808.9
2/2/2015 15:30:00,8797.4
2/3/2015 15:30:00,8756.55
2/4/2015 15:30:00,8723.7
2/5/2015 15:30:00,8711.7
2/6/2015 15:30:00,8661.05
2/9/2015 15:30:00,8526.35
2/10/2015 15:30:00,8565.55
2/11/2015 15:30:00,8627.4
2/12/2015 15:30:00,8711.55
2/13/2015 15:30:00,8805.5
2/16/2015 15:30:00,8809.35
2/18/2015 15:30:00,8869.1
2/19/2015 15:30:00,8895.3
2/20/2015 15:30:00,8833.6
2/23/2015 15:30:00,8754.95
2/24/2015 15:30:00,8762.1
2/25/2015 15:30:00,8767.25
2/26/2015 15:30:00,8683.85
2/27/2015 15:30:00,8844.6
3/2/2015 15:30:00,8956.75
3/3/2015 15:30:00,8996.25
3/4/2015 15:30:00,8922.65
3/5/2015 15:30:00,8937.75
3/9/2015 15:30:00,8756.75
3/10/2015 15:30:00,8712.05
3/11/2015 15:30:00,8699.95
3/12/2015 15:30:00,8776
3/13/2015 15:30:00,8647.75
3/16/2015 15:30:00,8633.15
3/17/2015 15:30:00,8723.3
3/18/2015 15:30:00,8685.9
3/19/2015 15:30:00,8634.65
3/20/2015 15:30:00,8570.9
3/23/2015 15:30:00,8550.9
3/24/2015 15:30:00,8542.95
3/25/2015 15:30:00,8530.8
3/26/2015 15:30:00,8342.15
3/27/2015 15:30:00,8341.4
3/30/2015 15:30:00,8492.3
3/31/2015 15:30:00,8491
4/1/2015 15:30:00,8586.25
4/6/2015 15:30:00,8659.9
4/7/2015 15:30:00,8660.3
4/8/2015 15:30:00,8714.4
4/9/2015 15:30:00,8778.3
4/10/2015 15:30:00,8780.35
4/13/2015 15:30:00,8834
4/15/2015 15:30:00,8750.2
4/16/2015 15:30:00,8706.7
4/17/2015 15:30:00,8606
4/20/2015 15:30:00,8448.1
4/21/2015 15:30:00,8377.75
4/22/2015 15:30:00,8429.7
4/23/2015 15:30:00,8398.3
4/24/2015 15:30:00,8305.25
4/27/2015 15:30:00,8213.8
4/28/2015 15:30:00,8285.6
4/29/2015 15:30:00,8239.75
4/30/2015 15:30:00,8181.5
5/4/2015 15:30:00,8331.95
5/5/2015 15:30:00,8324.8
5/6/2015 15:30:00,8097
5/7/2015 15:30:00,8057.3
5/8/2015 15:30:00,8191.5
5/11/2015 15:30:00,8325.25
5/12/2015 15:30:00,8126.95
5/13/2015 15:30:00,8235.45
5/14/2015 15:30:00,8224.2
5/15/2015 15:30:00,8262.35
5/18/2015 15:30:00,8373.65
5/19/2015 15:30:00,8365.65
5/20/2015 15:30:00,8423.25
5/21/2015 15:30:00,8421
5/22/2015 15:30:00,8458.95
5/25/2015 15:30:00,8370.25
5/26/2015 15:30:00,8339.35
5/27/2015 15:30:00,8334.6
5/28/2015 15:30:00,8319
5/29/2015 15:30:00,8433.65
6/1/2015 15:30:00,8433.4
6/2/2015 15:30:00,8236.45
6/3/2015 15:30:00,8135.1
6/4/2015 15:30:00,8130.65
6/5/2015 15:30:00,8114.7
6/8/2015 15:30:00,8044.15
6/9/2015 15:30:00,8022.4
6/10/2015 15:30:00,8124.45
6/11/2015 15:30:00,7965.35
6/12/2015 15:30:00,7982.9
6/15/2015 15:30:00,8013.9
6/16/2015 15:30:00,8047.3
6/17/2015 15:30:00,8091.55
6/18/2015 15:30:00,8174.6
6/19/2015 15:30:00,8224.95
6/22/2015 15:30:00,8353.1
6/23/2015 15:30:00,8381.55
6/24/2015 15:30:00,8360.85
6/25/2015 15:30:00,8398
6/26/2015 15:30:00,8381.1
6/29/2015 15:30:00,8318.4
6/30/2015 15:30:00,8368.5
7/1/2015 15:30:00,8453.05
7/2/2015 15:30:00,8444.9
7/3/2015 15:30:00,8484.9
7/6/2015 15:30:00,8522.15
7/7/2015 15:30:00,8510.8
7/8/2015 15:30:00,8363.05
7/9/2015 15:30:00,8328.55
7/10/2015 15:30:00,8360.55
7/13/2015 15:30:00,8459.65
7/14/2015 15:30:00,8454.1
7/15/2015 15:30:00,8523.8
7/16/2015 15:30:00,8608.05
7/17/2015 15:30:00,8609.85
7/20/2015 15:30:00,8603.45
7/21/2015 15:30:00,8529.45
7/22/2015 15:30:00,8633.5
7/23/2015 15:30:00,8589.8
7/24/2015 15:30:00,8521.55
7/27/2015 15:30:00,8361
7/28/2015 15:30:00,8337
7/29/2015 15:30:00,8375.05
7/30/2015 15:30:00,8421.8
7/31/2015 15:30:00,8532.85
8/3/2015 15:30:00,8543.05
8/4/2015 15:30:00,8516.9
8/5/2015 15:30:00,8567.95
8/6/2015 15:30:00,8588.65
8/7/2015 15:30:00,8564.6
8/10/2015 15:30:00,8525.6
8/11/2015 15:30:00,8462.35
8/12/2015 15:30:00,8349.45
8/13/2015 15:30:00,8355.85
8/14/2015 15:30:00,8518.55
8/17/2015 15:30:00,8477.3
8/18/2015 15:30:00,8466.55
8/19/2015 15:30:00,8495.15
8/20/2015 15:30:00,8372.75
8/21/2015 15:30:00,8299.95
8/24/2015 15:30:00,7809
8/25/2015 15:30:00,7880.7
8/26/2015 15:30:00,7791.85
8/27/2015 15:30:00,7948.95
8/28/2015 15:30:00,8001.95
8/31/2015 15:30:00,7971.3
9/1/2015 15:30:00,7785.85
9/2/2015 15:30:00,7717
9/3/2015 15:30:00,7823
9/4/2015 15:30:00,7655.05
9/7/2015 15:30:00,7558.8
9/8/2015 15:30:00,7688.25
9/9/2015 15:30:00,7818.6
9/10/2015 15:30:00,7788.1
9/11/2015 15:30:00,7789.3
9/14/2015 15:30:00,7872.25
9/15/2015 15:30:00,7829.1
9/16/2015 15:30:00,7899.15
9/18/2015 15:30:00,7981.9
9/21/2015 15:30:00,7977.1
9/22/2015 15:30:00,7812
9/23/2015 15:30:00,7845.95
9/24/2015 15:30:00,7868.5
9/28/2015 15:30:00,7795.7
9/29/2015 15:30:00,7843.3
9/30/2015 15:30:00,7948.9
10/1/2015 15:30:00,7950.9
10/5/2015 15:30:00,8119.3
10/6/2015 15:30:00,8152.9
10/7/2015 15:30:00,8177.4
10/8/2015 15:30:00,8129.35
10/9/2015 15:30:00,8189.7
10/12/2015 15:30:00,8143.6
10/13/2015 15:30:00,8131.7
10/14/2015 15:30:00,8107.9
10/15/2015 15:30:00,8179.5
10/16/2015 15:30:00,8238.15
10/19/2015 15:30:00,8275.05
10/20/2015 15:30:00,8261.65
10/21/2015 15:30:00,8251.7
10/23/2015 15:30:00,8295.45
10/26/2015 15:30:00,8260.55
10/27/2015 15:30:00,8232.9
10/28/2015 15:30:00,8171.2
10/29/2015 15:30:00,8111.75
10/30/2015 15:30:00,8065.8
11/2/2015 15:30:00,8050.8
11/3/2015 15:30:00,8060.7
11/4/2015 15:30:00,8040.2
11/5/2015 15:30:00,7955.45
11/6/2015 15:30:00,7954.3
11/9/2015 15:30:00,7915.2
11/10/2015 15:30:00,7783.35
11/13/2015 15:30:00,7762.25
11/16/2015 15:30:00,7806.6
11/17/2015 15:30:00,7837.55
11/18/2015 15:30:00,7731.8
11/19/2015 15:30:00,7842.75
11/20/2015 15:30:00,7856.55
11/23/2015 15:30:00,7849.25
11/24/2015 15:30:00,7831.6
11/26/2015 15:30:00,7883.8
11/27/2015 15:30:00,7942.7
11/30/2015 15:30:00,7935.25
12/1/2015 15:30:00,7954.9
12/2/2015 15:30:00,7931.35
12/3/2015 15:30:00,7864.15
12/4/2015 15:30:00,7781.9
12/7/2015 15:30:00,7765.4
12/8/2015 15:30:00,7701.7
12/9/2015 15:30:00,7612.5
12/10/2015 15:30:00,7683.3
12/11/2015 15:30:00,7610.45
12/14/2015 15:30:00,7650.05
12/15/2015 15:30:00,7700.9
12/16/2015 15:30:00,7750.9
12/17/2015 15:30:00,7844.35
12/18/2015 15:30:00,7761.95
12/21/2015 15:30:00,7834.45
12/22/2015 15:30:00,7786.1
12/23/2015 15:30:00,7865.95
12/24/2015 15:30:00,7861.05
12/28/2015 15:30:00,7925.15
12/29/2015 15:30:00,7928.95
12/30/2015 15:30:00,7896.25
12/31/2015 15:30:00,7946.35
1/1/2016 15:30:00,7963.2
1/4/2016 15:30:00,7791.3
1/5/2016 15:30:00,7784.65
1/6/2016 15:30:00,7741
1/7/2016 15:30:00,7568.3
1/8/2016 15:30:00,7601.35
1/11/2016 15:30:00,7563.85
1/12/2016 15:30:00,7510.3
1/13/2016 15:30:00,7562.4
1/14/2016 15:30:00,7536.8
1/15/2016 15:30:00,7437.8
1/18/2016 15:30:00,7351
1/19/2016 15:30:00,7435.1
1/20/2016 15:30:00,7309.3
1/21/2016 15:30:00,7276.8
1/22/2016 15:30:00,7422.45
1/25/2016 15:30:00,7436.15
1/27/2016 15:30:00,7437.75
1/28/2016 15:30:00,7424.65
1/29/2016 15:30:00,7563.55
2/1/2016 15:30:00,7555.95
2/2/2016 15:30:00,7455.55
2/3/2016 15:30:00,7361.8
2/4/2016 15:30:00,7404
2/5/2016 15:30:00,7489.1
2/8/2016 15:30:00,7387.25
2/9/2016 15:30:00,7298.2
2/10/2016 15:30:00,7215.7
2/11/2016 15:30:00,6976.35
2/12/2016 15:30:00,6980.95
2/15/2016 15:30:00,7162.95
2/16/2016 15:30:00,7048.25
2/17/2016 15:30:00,7108.45
2/18/2016 15:30:00,7191.75
2/19/2016 15:30:00,7210.75
2/22/2016 15:30:00,7234.55
2/23/2016 15:30:00,7109.55
2/24/2016 15:30:00,7018.7
2/25/2016 15:30:00,6970.6
2/26/2016 15:30:00,7029.75
2/29/2016 15:30:00,6987.05
3/1/2016 15:30:00,7222.3
3/2/2016 15:30:00,7368.85
3/3/2016 15:30:00,7475.6
3/4/2016 15:30:00,7485.35
3/8/2016 15:30:00,7485.3
3/9/2016 15:30:00,7531.8
3/10/2016 15:30:00,7486.15
3/11/2016 15:30:00,7510.2
3/14/2016 15:30:00,7538.75
3/15/2016 15:30:00,7460.6
3/16/2016 15:30:00,7498.75
3/17/2016 15:30:00,7512.55
3/18/2016 15:30:00,7604.35
3/21/2016 15:30:00,7704.25
3/22/2016 15:30:00,7714.9
3/23/2016 15:30:00,7716.5
3/28/2016 15:30:00,7615.1
3/29/2016 15:30:00,7597
3/30/2016 15:30:00,7735.2
3/31/2016 15:30:00,7738.4
4/1/2016 15:30:00,7713.05
4/4/2016 15:30:00,7758.8
4/5/2016 15:30:00,7603.2
4/6/2016 15:30:00,7614.35
4/7/2016 15:30:00,7546.45
4/8/2016 15:30:00,7555.2
4/11/2016 15:30:00,7671.4
4/12/2016 15:30:00,7708.95
4/13/2016 15:30:00,7850.45
4/18/2016 15:30:00,7914.7
4/20/2016 15:30:00,7914.75
4/21/2016 15:30:00,7912.05
4/22/2016 15:30:00,7899.3
4/25/2016 15:30:00,7855.05
4/26/2016 15:30:00,7962.65
4/27/2016 15:30:00,7979.9
4/28/2016 15:30:00,7847.25
4/29/2016 15:30:00,7849.8
5/2/2016 15:30:00,7805.9
5/3/2016 15:30:00,7747
5/4/2016 15:30:00,7706.55
5/5/2016 15:30:00,7735.5
5/6/2016 15:30:00,7733.45
5/9/2016 15:30:00,7866.05
5/10/2016 15:30:00,7887.8
5/11/2016 15:30:00,7848.85
5/12/2016 15:30:00,7900.4
5/13/2016 15:30:00,7814.9
5/16/2016 15:30:00,7860.75
5/17/2016 15:30:00,7890.75
5/18/2016 15:30:00,7870.15
5/19/2016 15:30:00,7783.4
5/20/2016 15:30:00,7749.7
5/23/2016 15:30:00,7731.05
5/24/2016 15:30:00,7748.85
5/25/2016 15:30:00,7934.9
5/26/2016 15:30:00,8069.65
5/27/2016 15:30:00,8156.65
5/30/2016 15:30:00,8178.5
5/31/2016 15:30:00,8160.1
6/1/2016 15:30:00,8179.95
6/2/2016 15:30:00,8218.95
6/3/2016 15:30:00,8220.8
6/6/2016 15:30:00,8201.05
6/7/2016 15:30:00,8266.45
6/8/2016 15:30:00,8273.05
6/9/2016 15:30:00,8203.6
6/10/2016 15:30:00,8170.05
6/13/2016 15:30:00,8110.6
6/14/2016 15:30:00,8108.85
6/15/2016 15:30:00,8206.6
6/16/2016 15:30:00,8140.75
6/17/2016 15:30:00,8170.2
6/20/2016 15:30:00,8238.5
6/21/2016 15:30:00,8219.9
6/22/2016 15:30:00,8203.7
6/23/2016 15:30:00,8270.45
6/24/2016 15:30:00,8088.6
6/27/2016 15:30:00,8094.7
6/28/2016 15:30:00,8127.85
6/29/2016 15:30:00,8204
6/30/2016 15:30:00,8287.75
7/1/2016 15:30:00,8328.35
7/4/2016 15:30:00,8370.7
7/5/2016 15:30:00,8335.95
7/7/2016 15:30:00,8337.9
7/8/2016 15:30:00,8323.2
7/11/2016 15:30:00,8467.9
7/12/2016 15:30:00,8521.05
7/13/2016 15:30:00,8519.5
7/14/2016 15:30:00,8565
7/15/2016 15:30:00,8541.4
7/18/2016 15:30:00,8508.7
7/19/2016 15:30:00,8528.55
7/20/2016 15:30:00,8565.85
7/21/2016 15:30:00,8510.1
7/22/2016 15:30:00,8541.2
7/25/2016 15:30:00,8635.65
7/26/2016 15:30:00,8590.65
7/27/2016 15:30:00,8615.8
7/28/2016 15:30:00,8666.3
7/29/2016 15:30:00,8638.5
8/1/2016 15:30:00,8636.55
8/2/2016 15:30:00,8622.9
8/3/2016 15:30:00,8544.85
8/4/2016 15:30:00,8551.1
8/5/2016 15:30:00,8683.15
8/8/2016 15:30:00,8711.35
8/9/2016 15:30:00,8678.25
8/10/2016 15:30:00,8575.3
8/11/2016 15:30:00,8592.15
8/12/2016 15:30:00,8672.15
8/16/2016 15:30:00,8642.55
8/17/2016 15:30:00,8624.05
8/18/2016 15:30:00,8673.25
8/19/2016 15:30:00,8666.9
8/22/2016 15:30:00,8629.15
8/23/2016 15:30:00,8632.6
8/24/2016 15:30:00,8650.3
8/25/2016 15:30:00,8592.2
8/26/2016 15:30:00,8572.55
8/29/2016 15:30:00,8607.45
8/30/2016 15:30:00,8744.35
8/31/2016 15:30:00,8786.2
9/1/2016 15:30:00,8774.65
9/2/2016 15:30:00,8809.65
9/6/2016 15:30:00,8943
9/7/2016 15:30:00,8917.95
9/8/2016 15:30:00,8952.5
9/9/2016 15:30:00,8866.7
9/12/2016 15:30:00,8715.6
9/14/2016 15:30:00,8726.6
9/15/2016 15:30:00,8742.55
9/16/2016 15:30:00,8779.85
9/19/2016 15:30:00,8808.4
9/20/2016 15:30:00,8775.9
9/21/2016 15:30:00,8777.15
9/22/2016 15:30:00,8867.45
9/23/2016 15:30:00,8831.55
9/26/2016 15:30:00,8723.05
9/27/2016 15:30:00,8706.4
9/28/2016 15:30:00,8745.15
9/29/2016 15:30:00,8591.25
9/30/2016 15:30:00,8611.15
10/3/2016 15:30:00,8738.1
10/4/2016 15:30:00,8769.15
10/5/2016 15:30:00,8743.95
10/6/2016 15:30:00,8709.55
10/7/2016 15:30:00,8697.6
10/10/2016 15:30:00,8708.8
10/13/2016 15:30:00,8573.35
10/14/2016 15:30:00,8583.4
10/17/2016 15:30:00,8520.4
10/18/2016 15:30:00,8677.9
10/19/2016 15:30:00,8659.1
10/20/2016 15:30:00,8699.4
10/21/2016 15:30:00,8693.05
10/24/2016 15:30:00,8708.95
10/25/2016 15:30:00,8691.3
10/26/2016 15:30:00,8615.25
10/27/2016 15:30:00,8615.25
10/28/2016 15:30:00,8638
11/1/2016 15:30:00,8626.25
11/2/2016 15:30:00,8514
11/3/2016 15:30:00,8484.95
11/4/2016 15:30:00,8433.75
11/7/2016 15:30:00,8497.05
11/8/2016 15:30:00,8543.55
11/9/2016 15:30:00,8432
11/10/2016 15:30:00,8525.75
11/11/2016 15:30:00,8296.3
11/15/2016 15:30:00,8108.45
11/16/2016 15:30:00,8111.6
11/17/2016 15:30:00,8079.95
11/18/2016 15:30:00,8074.1
11/21/2016 15:30:00,7929.1
11/22/2016 15:30:00,8002.3
11/23/2016 15:30:00,8033.3
11/24/2016 15:30:00,7965.5
11/25/2016 15:30:00,8114.3
11/28/2016 15:30:00,8126.9
11/29/2016 15:30:00,8142.15
11/30/2016 15:30:00,8224.5
12/1/2016 15:30:00,8192.9
12/2/2016 15:30:00,8086.8
12/5/2016 15:30:00,8128.75
12/6/2016 15:30:00,8143.15
12/7/2016 15:30:00,8102.05
12/8/2016 15:30:00,8246.85
12/9/2016 15:30:00,8261.75
12/12/2016 15:30:00,8170.8
12/13/2016 15:30:00,8221.8
12/14/2016 15:30:00,8182.45
12/15/2016 15:30:00,8153.6
12/16/2016 15:30:00,8139.45
12/19/2016 15:30:00,8104.35
12/20/2016 15:30:00,8082.4
12/21/2016 15:30:00,8061.3
12/22/2016 15:30:00,7979.1
12/23/2016 15:30:00,7985.75
12/26/2016 15:30:00,7908.25
12/27/2016 15:30:00,8032.85
12/28/2016 15:30:00,8034.85
12/29/2016 15:30:00,8103.6
12/30/2016 15:30:00,8185.8
1/2/2017 15:30:00,8179.5
1/3/2017 15:30:00,8192.25
1/4/2017 15:30:00,8190.5
1/5/2017 15:30:00,8273.8
1/6/2017 15:30:00,8243.8
1/9/2017 15:30:00,8236.05
1/10/2017 15:30:00,8288.6
1/11/2017 15:30:00,8380.65
1/12/2017 15:30:00,8407.2
1/13/2017 15:30:00,8400.35
1/16/2017 15:30:00,8412.8
1/17/2017 15:30:00,8398
1/18/2017 15:30:00,8417
1/19/2017 15:30:00,8435.1
1/20/2017 15:30:00,8349.35
1/23/2017 15:30:00,8391.5
1/24/2017 15:30:00,8475.8
1/25/2017 15:30:00,8602.75
1/27/2017 15:30:00,8641.25
1/30/2017 15:30:00,8632.75
1/31/2017 15:30:00,8561.3
2/1/2017 15:30:00,8716.4
2/2/2017 15:30:00,8734.25
2/3/2017 15:30:00,8740.95
2/6/2017 15:30:00,8801.05
2/7/2017 15:30:00,8768.3
2/8/2017 15:30:00,8769.05
2/9/2017 15:30:00,8778.4
2/10/2017 15:30:00,8793.55
2/13/2017 15:30:00,8805.05
2/14/2017 15:30:00,8792.3
2/15/2017 15:30:00,8724.7
2/16/2017 15:30:00,8778
2/17/2017 15:30:00,8821.7
2/20/2017 15:30:00,8879.2
2/21/2017 15:30:00,8907.85
2/22/2017 15:30:00,8926.9
2/23/2017 15:30:00,8939.5
2/27/2017 15:30:00,8896.7
2/28/2017 15:30:00,8879.6
3/1/2017 15:30:00,8945.8
3/2/2017 15:30:00,8899.75
3/3/2017 15:30:00,8897.55
3/6/2017 15:30:00,8963.45
3/7/2017 15:30:00,8946.9
3/8/2017 15:30:00,8924.3
3/9/2017 15:30:00,8927
3/10/2017 15:30:00,8934.55
3/14/2017 15:30:00,9087
3/15/2017 15:30:00,9084.8
3/16/2017 15:30:00,9153.7
3/17/2017 15:30:00,9160.05
3/20/2017 15:30:00,9126.85
3/21/2017 15:30:00,9121.5
3/22/2017 15:30:00,9030.45
3/23/2017 15:30:00,9086.3
3/24/2017 15:30:00,9108
3/27/2017 15:30:00,9045.2
3/28/2017 15:30:00,9100.8
3/29/2017 15:30:00,9143.8
3/30/2017 15:30:00,9173.75
3/31/2017 15:30:00,9173.75
4/3/2017 15:30:00,9237.85
4/5/2017 15:30:00,9265.15
4/6/2017 15:30:00,9261.95
4/7/2017 15:30:00,9198.3
4/10/2017 15:30:00,9181.45
4/11/2017 15:30:00,9237
4/12/2017 15:30:00,9203.45
4/13/2017 15:30:00,9150.8
4/17/2017 15:30:00,9139.3
4/18/2017 15:30:00,9105.15
4/19/2017 15:30:00,9103.5
4/20/2017 15:30:00,9136.4
4/21/2017 15:30:00,9119.4
4/24/2017 15:30:00,9217.95
4/25/2017 15:30:00,9306.6
4/26/2017 15:30:00,9351.85
4/27/2017 15:30:00,9342.15
4/28/2017 15:30:00,9304.05
5/2/2017 15:30:00,9313.8
5/3/2017 15:30:00,9311.95
5/4/2017 15:30:00,9359.9
5/5/2017 15:30:00,9285.3
5/8/2017 15:30:00,9314.05
5/9/2017 15:30:00,9316.85
5/10/2017 15:30:00,9407.3
5/11/2017 15:30:00,9422.4
5/12/2017 15:30:00,9400.9
5/15/2017 15:30:00,9445.4
5/16/2017 15:30:00,9512.25
5/17/2017 15:30:00,9525.75
5/18/2017 15:30:00,9429.45
5/19/2017 15:30:00,9427.9
5/22/2017 15:30:00,9438.25
5/23/2017 15:30:00,9386.15
5/24/2017 15:30:00,9360.55
5/25/2017 15:30:00,9509.75
5/26/2017 15:30:00,9595.1
5/29/2017 15:30:00,9604.9
5/30/2017 15:30:00,9624.55
5/31/2017 15:30:00,9621.25
6/1/2017 15:30:00,9616.1
6/2/2017 15:30:00,9653.5
6/5/2017 15:30:00,9675.1
6/6/2017 15:30:00,9637.15
6/7/2017 15:30:00,9663.9
6/8/2017 15:30:00,9647.25
6/9/2017 15:30:00,9668.25
6/12/2017 15:30:00,9616.4
6/13/2017 15:30:00,9606.9
6/14/2017 15:30:00,9618.15
6/15/2017 15:30:00,9578.05
6/16/2017 15:30:00,9588.05
6/19/2017 15:30:00,9657.55
6/20/2017 15:30:00,9653.5
6/21/2017 15:30:00,9633.6
6/22/2017 15:30:00,9630
6/23/2017 15:30:00,9574.95
6/27/2017 15:30:00,9511.4
6/28/2017 15:30:00,9491.25
6/29/2017 15:30:00,9504.1
6/30/2017 15:30:00,9520.9
7/3/2017 15:30:00,9615
7/4/2017 15:30:00,9613.3
7/5/2017 15:30:00,9637.6
7/6/2017 15:30:00,9674.55
7/7/2017 15:30:00,9665.8
7/10/2017 15:30:00,9771.05
7/11/2017 15:30:00,9786.05
7/12/2017 15:30:00,9816.1
7/13/2017 15:30:00,9891.7
7/14/2017 15:30:00,9886.35
7/17/2017 15:30:00,9915.95
7/18/2017 15:30:00,9827.15
7/19/2017 15:30:00,9899.6
7/20/2017 15:30:00,9873.3
7/21/2017 15:30:00,9915.25
7/24/2017 15:30:00,9966.4
7/25/2017 15:30:00,9964.55
7/26/2017 15:30:00,10020.65
7/27/2017 15:30:00,10020.55
7/28/2017 15:30:00,10014.5
7/31/2017 15:30:00,10077.1
8/1/2017 15:30:00,10114.65
8/2/2017 15:30:00,10081.5
8/3/2017 15:30:00,10013.65
8/4/2017 15:30:00,10066.4
8/7/2017 15:30:00,10057.4
8/8/2017 15:30:00,9978.55
8/9/2017 15:30:00,9908.05
8/10/2017 15:30:00,9820.25
8/11/2017 15:30:00,9710.8
8/14/2017 15:30:00,9794.15
8/16/2017 15:30:00,9897.3
8/17/2017 15:30:00,9904.15
8/18/2017 15:30:00,9837.4
8/21/2017 15:30:00,9754.35
8/22/2017 15:30:00,9765.55
8/23/2017 15:30:00,9852.5
8/24/2017 15:30:00,9857.05
8/28/2017 15:30:00,9912.8
8/29/2017 15:30:00,9796.05
8/30/2017 15:30:00,9884.4
8/31/2017 15:30:00,9917.9
9/1/2017 15:30:00,9974.4
9/4/2017 15:30:00,9912.85
9/5/2017 15:30:00,9952.2
9/6/2017 15:30:00,9916.2
9/7/2017 15:30:00,9929.9
9/8/2017 15:30:00,9934.8
9/11/2017 15:30:00,10006.05
9/12/2017 15:30:00,10093.05
9/13/2017 15:30:00,10079.3
9/14/2017 15:30:00,10086.6
9/15/2017 15:30:00,10085.4
9/18/2017 15:30:00,10153.1
9/19/2017 15:30:00,10147.55
9/20/2017 15:30:00,10141.15
9/21/2017 15:30:00,10121.9
9/22/2017 15:30:00,9964.4
9/25/2017 15:30:00,9872.6
9/26/2017 15:30:00,9871.5
9/27/2017 15:30:00,9735.75
9/28/2017 15:30:00,9768.95
9/29/2017 15:30:00,9788.6
10/3/2017 15:30:00,9859.5
10/4/2017 15:30:00,9914.9
10/5/2017 15:30:00,9888.7
10/6/2017 15:30:00,9979.7
10/9/2017 15:30:00,9988.75
10/10/2017 15:30:00,10016.95
10/11/2017 15:30:00,9984.8
10/12/2017 15:30:00,10096.4
10/13/2017 15:30:00,10167.45
10/16/2017 15:30:00,10230.85
10/17/2017 20:00:00,10234.45
10/18/2017 15:30:00,10210.85
10/19/2017 20:00:00,10146.55
10/23/2017 15:30:00,10184.85
10/24/2017 15:30:00,10207.7
10/25/2017 15:30:00,10295.35
10/26/2017 15:30:00,10343.8
10/27/2017 15:30:00,10323.05
10/30/2017 15:30:00,10363.65
10/31/2017 15:30:00,10335.3
11/1/2017 15:30:00,10440.5
11/2/2017 15:30:00,10423.8
11/3/2017 15:30:00,10452.5
11/6/2017 15:30:00,10451.8
11/7/2017 15:30:00,10350.15
11/8/2017 15:30:00,10303.15
11/9/2017 15:30:00,10308.95
11/10/2017 15:30:00,10321.75
11/13/2017 15:30:00,10224.95
11/14/2017 15:30:00,10186.6
11/15/2017 15:30:00,10118.05
11/16/2017 15:30:00,10214.75
11/17/2017 15:30:00,10283.6
11/20/2017 15:30:00,10298.75
11/21/2017 15:30:00,10326.9
11/22/2017 15:30:00,10342.3
11/23/2017 15:30:00,10348.75
11/24/2017 15:30:00,10389.7
11/27/2017 15:30:00,10399.55
11/28/2017 15:30:00,10370.25
11/29/2017 15:30:00,10361.3
11/30/2017 15:30:00,10226.55
12/1/2017 15:30:00,10121.8
12/4/2017 15:30:00,10127.75
12/5/2017 15:30:00,10118.25
12/6/2017 15:30:00,10044.1
12/7/2017 15:30:00,10166.7
12/8/2017 15:30:00,10265.65
12/11/2017 15:30:00,10322.25
12/12/2017 15:30:00,10240.15
12/13/2017 15:30:00,10192.95
12/14/2017 15:30:00,10252.1
12/15/2017 15:30:00,10333.25
12/18/2017 15:30:00,10388.75
12/19/2017 15:30:00,10463.2
12/20/2017 15:30:00,10444.2
12/21/2017 15:30:00,10440.3
12/22/2017 15:30:00,10493
12/26/2017 15:30:00,10531.5
12/27/2017 15:30:00,10490.75
12/28/2017 15:30:00,10477.9
12/29/2017 15:30:00,10530.7
1/1/2018 15:30:00,10435.55
1/2/2018 15:30:00,10442.2
1/3/2018 15:30:00,10443.2
1/4/2018 15:30:00,10504.8
1/5/2018 15:30:00,10558.85
1/8/2018 15:30:00,10623.6
1/9/2018 15:30:00,10637
1/10/2018 15:30:00,10632.2
1/11/2018 15:30:00,10651.2
1/12/2018 15:30:00,10681.25
1/15/2018 15:30:00,10741.55
1/16/2018 15:30:00,10700.45
1/17/2018 15:30:00,10788.55
1/18/2018 15:30:00,10817
1/19/2018 15:30:00,10894.7
1/22/2018 15:30:00,10966.2
1/23/2018 15:30:00,11083.7
1/24/2018 15:30:00,11086
1/25/2018 15:30:00,11069.65
1/29/2018 15:30:00,11130.4
1/30/2018 15:30:00,11049.65
1/31/2018 15:30:00,11027.7
2/1/2018 15:30:00,11016.9
2/2/2018 15:30:00,10760.6
2/5/2018 15:30:00,10666.55
2/6/2018 15:30:00,10498.25
2/7/2018 15:30:00,10476.7
2/8/2018 15:30:00,10576.85
2/9/2018 15:30:00,10454.95
2/12/2018 15:30:00,10539.75
2/14/2018 15:30:00,10500.9
2/15/2018 15:30:00,10545.5
2/16/2018 15:30:00,10452.3
2/19/2018 15:30:00,10378.4
2/20/2018 15:30:00,10360.4
2/21/2018 15:30:00,10397.45
2/22/2018 15:30:00,10382.7
2/23/2018 15:30:00,10491.05
2/26/2018 15:30:00,10582.6
2/27/2018 15:30:00,10554.3
2/28/2018 15:30:00,10492.85
3/1/2018 15:30:00,10458.35
3/5/2018 15:30:00,10358.85
3/6/2018 15:30:00,10249.25
3/7/2018 15:30:00,10154.2
3/8/2018 15:30:00,10242.65
3/9/2018 15:30:00,10226.85
3/12/2018 15:30:00,10421.4
3/13/2018 15:30:00,10426.85
3/14/2018 15:30:00,10410.9
3/15/2018 15:30:00,10360.15
3/16/2018 15:30:00,10195.15
3/19/2018 15:30:00,10094.25
3/20/2018 15:30:00,10124.35
3/21/2018 15:30:00,10155.25
3/22/2018 15:30:00,10114.75
3/23/2018 15:30:00,9998.05
3/26/2018 15:30:00,10130.65
3/27/2018 15:30:00,10184.15
3/28/2018 15:30:00,10113.7
4/2/2018 15:30:00,10211.8
4/3/2018 15:30:00,10245
4/4/2018 15:30:00,10128.4
4/5/2018 15:30:00,10325.15
4/6/2018 15:30:00,10331.6
4/9/2018 15:30:00,10379.35
4/10/2018 15:30:00,10402.25
4/11/2018 15:30:00,10417.15
4/12/2018 15:30:00,10458.65
4/13/2018 15:30:00,10480.6
4/16/2018 15:30:00,10528.35
4/17/2018 15:30:00,10548.7
4/18/2018 15:30:00,10526.2
4/19/2018 15:30:00,10565.3
4/20/2018 15:30:00,10564.05
4/23/2018 15:30:00,10584.7
4/24/2018 15:30:00,10614.35
4/25/2018 15:30:00,10570.55
4/26/2018 15:30:00,10617.8
4/27/2018 15:30:00,10692.3
4/30/2018 15:30:00,10739.35
5/2/2018 15:30:00,10718.05
5/3/2018 15:30:00,10679.65
5/4/2018 15:30:00,10618.25
5/7/2018 15:30:00,10715.5
5/8/2018 15:30:00,10717.8
5/9/2018 15:30:00,10741.7
5/10/2018 15:30:00,10716.55
5/11/2018 15:30:00,10806.5
5/14/2018 15:30:00,10806.6
5/15/2018 15:30:00,10801.85
5/16/2018 15:30:00,10741.1
5/17/2018 15:30:00,10682.7
5/18/2018 15:30:00,10596.4
5/21/2018 15:30:00,10516.7
5/22/2018 15:30:00,10536.7
5/23/2018 15:30:00,10430.35
5/24/2018 15:30:00,10513.85
5/25/2018 15:30:00,10605.15
5/28/2018 15:30:00,10688.65
5/29/2018 15:30:00,10633.3
5/30/2018 15:30:00,10614.35
5/31/2018 15:30:00,10736.15
6/1/2018 15:30:00,10696.2
6/4/2018 15:30:00,10628.5
6/5/2018 15:30:00,10593.15
6/6/2018 15:30:00,10684.65
6/7/2018 15:30:00,10768.35
6/8/2018 15:30:00,10767.65
6/11/2018 15:30:00,10786.95
6/12/2018 15:30:00,10842.85
6/13/2018 15:30:00,10856.7
6/14/2018 15:30:00,10808.05
6/15/2018 15:30:00,10817.7
6/18/2018 15:30:00,10799.85
6/19/2018 15:30:00,10710.45
6/20/2018 15:30:00,10772.05
6/21/2018 15:30:00,10741.1
6/22/2018 15:30:00,10821.85
6/25/2018 15:30:00,10762.45
6/26/2018 15:30:00,10769.15
6/27/2018 15:30:00,10671.4
6/28/2018 15:30:00,10589.1
6/29/2018 15:30:00,10714.3
7/2/2018 15:30:00,10657.3
7/3/2018 15:30:00,10699.9
7/4/2018 15:30:00,10769.9
7/5/2018 15:30:00,10749.75
7/6/2018 15:30:00,10772.65
7/9/2018 15:30:00,10852.9
7/10/2018 15:30:00,10947.25
7/11/2018 15:30:00,10948.3
7/12/2018 15:30:00,11023.2
7/13/2018 15:30:00,11018.9
7/16/2018 15:30:00,10936.85
7/17/2018 15:30:00,11008.05
7/18/2018 15:30:00,10980.45
7/19/2018 15:30:00,10957.1
7/20/2018 15:30:00,11010.2
7/23/2018 15:30:00,11084.75
7/24/2018 15:30:00,11134.3
7/25/2018 15:30:00,11132
7/26/2018 15:30:00,11167.3
7/27/2018 15:30:00,11278.35
7/30/2018 15:30:00,11319.55
7/31/2018 15:30:00,11356.5
8/1/2018 15:30:00,11346.2
8/2/2018 15:30:00,11244.7
8/3/2018 15:30:00,11360.8
8/6/2018 15:30:00,11387.1
8/7/2018 15:30:00,11389.45
8/8/2018 15:30:00,11450
8/9/2018 15:30:00,11470.7
8/10/2018 15:30:00,11429.5
8/13/2018 15:30:00,11355.75
8/14/2018 15:30:00,11435.1
8/16/2018 15:30:00,11385.05
8/17/2018 15:30:00,11470.75
8/20/2018 15:30:00,11551.75
8/21/2018 15:30:00,11570.9
8/23/2018 15:30:00,11582.75
8/24/2018 15:30:00,11557.1
8/27/2018 15:30:00,11691.95
8/28/2018 15:30:00,11738.5
8/29/2018 15:30:00,11691.9
8/30/2018 15:30:00,11676.8
8/31/2018 15:30:00,11680.5
9/3/2018 15:30:00,11582.35
9/4/2018 15:30:00,11520.3
9/5/2018 15:30:00,11476.95
9/6/2018 15:30:00,11536.9
9/7/2018 15:30:00,11589.1
9/10/2018 15:30:00,11438.1
9/11/2018 15:30:00,11287.5
9/12/2018 15:30:00,11369.9
9/14/2018 15:30:00,11515.2
9/17/2018 15:30:00,11377.75
9/18/2018 15:30:00,11278.9
9/19/2018 15:30:00,11234.35
9/21/2018 15:30:00,11143.1
9/24/2018 15:30:00,10967.4
9/25/2018 15:30:00,11067.45
9/26/2018 15:30:00,11053.8
9/27/2018 15:30:00,10977.55
9/28/2018 15:30:00,10930.45
10/1/2018 15:30:00,11008.3
10/3/2018 15:30:00,10858.25
10/4/2018 15:30:00,10599.25
10/5/2018 15:30:00,10316.45
10/8/2018 15:30:00,10348.05
10/9/2018 15:30:00,10301.05
10/10/2018 15:30:00,10460.1
10/11/2018 15:30:00,10234.65
10/12/2018 15:30:00,10472.5
10/15/2018 15:30:00,10512.5
10/16/2018 15:30:00,10584.75
10/17/2018 15:30:00,10453.05
10/19/2018 15:30:00,10303.55
10/22/2018 15:30:00,10245.25
10/23/2018 15:30:00,10146.8
10/24/2018 15:30:00,10224.75
10/25/2018 15:30:00,10124.9
10/26/2018 15:30:00,10030
10/29/2018 15:30:00,10250.85
10/30/2018 15:30:00,10198.4
10/31/2018 15:30:00,10386.6
11/1/2018 15:30:00,10380.45
11/2/2018 15:30:00,10553
11/5/2018 19:00:00,10524
11/6/2018 15:30:00,10530
11/9/2018 15:30:00,10585.2
11/12/2018 15:30:00,10482.2
11/13/2018 15:30:00,10582.5
11/14/2018 15:30:00,10576.3
11/15/2018 15:30:00,10616.7
11/16/2018 15:30:00,10682.2
11/19/2018 15:30:00,10763.4
11/20/2018 15:30:00,10656.2
11/21/2018 15:30:00,10600.05
11/22/2018 15:30:00,10526.75
11/26/2018 15:30:00,10628.6
11/27/2018 15:30:00,10685.6
11/28/2018 15:30:00,10728.85
11/29/2018 15:30:00,10858.7
11/30/2018 15:30:00,10876.75
12/3/2018 15:30:00,10883.75
12/4/2018 15:30:00,10869.5
12/5/2018 15:30:00,10782.9
12/6/2018 15:30:00,10601.15
12/7/2018 15:30:00,10693.7
12/10/2018 15:30:00,10488.45
12/11/2018 15:30:00,10549.15
12/12/2018 15:30:00,10737.6
12/13/2018 15:30:00,10791.55
12/14/2018 15:30:00,10805.45
12/17/2018 15:30:00,10888.35
12/18/2018 15:30:00,10908.7
12/19/2018 15:30:00,10967.3
12/20/2018 15:30:00,10951.7
12/21/2018 15:30:00,10754
12/24/2018 15:30:00,10663.5
12/26/2018 15:30:00,10729.85
12/27/2018 15:30:00,10779.8
12/28/2018 15:30:00,10859.9
12/31/2018 15:30:00,10862.55
1/1/2019 15:30:00,10910.1
1/2/2019 15:30:00,10792.5
1/3/2019 15:30:00,10672.25
1/4/2019 15:30:00,10727.35
1/7/2019 15:30:00,10771.8
1/8/2019 15:30:00,10802.15
1/9/2019 15:30:00,10855.15
1/10/2019 15:30:00,10821.6
1/11/2019 15:30:00,10794.95
1/14/2019 15:30:00,10737.6
1/15/2019 15:30:00,10886.8
1/16/2019 15:30:00,10890.3
1/17/2019 15:30:00,10905.2
1/18/2019 15:30:00,10906.95
1/21/2019 15:30:00,10961.85
1/22/2019 15:30:00,10922.75
1/23/2019 15:30:00,10831.5
1/24/2019 15:30:00,10849.8
1/25/2019 15:30:00,10780.55
1/28/2019 15:30:00,10661.55
1/29/2019 15:30:00,10652.2
1/30/2019 15:30:00,10651.8
1/31/2019 15:30:00,10830.95
2/1/2019 15:30:00,10893.65
2/4/2019 15:30:00,10912.25
2/5/2019 15:30:00,10934.35
2/6/2019 15:30:00,11062.45
2/7/2019 15:30:00,11069.4
2/8/2019 15:30:00,10943.6
2/11/2019 15:30:00,10888.8
2/12/2019 15:30:00,10831.4
2/13/2019 15:30:00,10793.65
2/14/2019 15:30:00,10746.05
2/15/2019 15:30:00,10724.4
2/18/2019 15:30:00,10640.95
2/19/2019 15:30:00,10604.35
2/20/2019 15:30:00,10735.45
2/21/2019 15:30:00,10789.85
2/22/2019 15:30:00,10791.65
2/25/2019 15:30:00,10880.1
2/26/2019 15:30:00,10835.3
2/27/2019 15:30:00,10806.65
2/28/2019 15:30:00,10792.5
3/1/2019 15:30:00,10863.5
3/5/2019 15:30:00,10987.45
3/6/2019 15:30:00,11053
3/7/2019 15:30:00,11058.2
3/8/2019 15:30:00,11035.4
3/11/2019 15:30:00,11168.05
3/12/2019 15:30:00,11301.2
3/13/2019 15:30:00,11341.7
3/14/2019 15:30:00,11343.25
3/15/2019 15:30:00,11426.85
3/18/2019 15:30:00,11462.2
3/19/2019 15:30:00,11532.4
3/20/2019 15:30:00,11521.05
3/22/2019 15:30:00,11456.9
3/25/2019 15:30:00,11354.25
3/26/2019 15:30:00,11483.25
3/27/2019 15:30:00,11445.05
3/28/2019 15:30:00,11570
3/29/2019 15:30:00,11623.9
4/1/2019 15:30:00,11669.15
4/2/2019 15:30:00,11713.2
4/3/2019 15:30:00,11643.95
4/4/2019 15:30:00,11598
4/5/2019 15:30:00,11665.95
4/8/2019 15:30:00,11604.5
4/9/2019 15:30:00,11671.95
4/10/2019 15:30:00,11584.3
4/11/2019 15:30:00,11596.7
4/12/2019 15:30:00,11643.45
4/15/2019 15:30:00,11690.35
4/16/2019 15:30:00,11787.15
4/18/2019 15:30:00,11752.8
4/22/2019 15:30:00,11594.45
4/23/2019 15:30:00,11575.95
4/24/2019 15:30:00,11726.15
4/25/2019 15:30:00,11641.8
4/26/2019 15:30:00,11754.65
4/30/2019 15:30:00,11748.15
5/2/2019 15:30:00,11724.75
5/3/2019 15:30:00,11712.25
5/6/2019 15:30:00,11598.25
5/7/2019 19:00:00,11497.9
5/8/2019 15:30:00,11359.45
5/9/2019 15:30:00,11301.8
5/10/2019 15:30:00,11278.9
5/13/2019 15:30:00,11148.2
5/14/2019 15:30:00,11222.05
5/15/2019 15:30:00,11157
5/16/2019 15:30:00,11257.1
5/17/2019 15:30:00,11407.15
5/20/2019 15:30:00,11828.25
5/21/2019 15:30:00,11709.1
5/22/2019 15:30:00,11737.9
5/23/2019 15:30:00,11657.05
5/24/2019 15:30:00,11844.1
5/27/2019 15:30:00,11924.75
5/28/2019 15:30:00,11928.75
5/29/2019 15:30:00,11861.1
5/30/2019 15:30:00,11945.9
5/31/2019 15:30:00,11922.8
6/3/2019 15:30:00,12088.55
6/4/2019 15:30:00,12021.65
6/6/2019 15:30:00,11843.75
6/7/2019 15:30:00,11870.65
6/10/2019 15:30:00,11922.7
6/11/2019 15:30:00,11965.6
6/12/2019 15:30:00,11906.2
6/13/2019 15:30:00,11914.05
6/14/2019 15:30:00,11823.3
6/17/2019 15:30:00,11672.15
6/18/2019 15:30:00,11691.5
6/19/2019 15:30:00,11691.45
6/20/2019 15:30:00,11831.75
6/21/2019 15:30:00,11724.1
6/24/2019 15:30:00,11699.65
6/25/2019 15:30:00,11796.45
6/26/2019 15:30:00,11847.55
6/27/2019 15:30:00,11841.55
6/28/2019 15:30:00,11788.85
7/1/2019 15:30:00,11865.6
7/2/2019 15:30:00,11910.3
7/3/2019 15:30:00,11916.75
7/4/2019 15:30:00,11946.75
7/5/2019 15:30:00,11811.15
7/8/2019 15:30:00,11558.6
7/9/2019 15:30:00,11555.9
7/10/2019 15:30:00,11498.9
7/11/2019 15:30:00,11582.9
7/12/2019 15:30:00,11552.5
7/15/2019 15:30:00,11588.35
7/16/2019 15:30:00,11662.6
7/17/2019 15:30:00,11687.5
7/18/2019 15:30:00,11596.9
7/19/2019 15:30:00,11419.25
7/22/2019 15:30:00,11346.2
7/23/2019 15:30:00,11331.05
7/24/2019 15:30:00,11271.3
7/25/2019 15:30:00,11252.15
7/26/2019 15:30:00,11284.3
7/29/2019 15:30:00,11189.2
7/30/2019 15:30:00,11085.4
7/31/2019 15:30:00,11118
8/1/2019 15:30:00,10980
8/2/2019 15:30:00,10997.35
8/5/2019 15:30:00,10862.6
8/6/2019 15:30:00,10948.25
8/7/2019 15:30:00,10855.5
8/8/2019 15:30:00,11032.45
8/9/2019 15:30:00,11109.65
8/13/2019 15:30:00,10925.85
8/14/2019 15:30:00,11029.4
8/16/2019 15:30:00,11047.8
8/19/2019 15:30:00,11053.9
8/20/2019 15:30:00,11017
8/21/2019 15:30:00,10918.7
8/22/2019 15:30:00,10741.35
8/23/2019 15:30:00,10829.35
8/26/2019 15:30:00,11057.85
8/27/2019 15:30:00,11105.35
8/28/2019 15:30:00,11046.1
8/29/2019 15:30:00,10948.3
8/30/2019 15:30:00,11023.25
9/3/2019 15:30:00,10797.9
9/4/2019 15:30:00,10844.65
9/5/2019 15:30:00,10847.9
9/6/2019 15:30:00,10946.2
9/9/2019 15:30:00,11003.05
9/11/2019 15:30:00,11035.7
9/12/2019 15:30:00,10982.8
9/13/2019 15:30:00,11075.9
9/16/2019 15:30:00,11003.5
9/17/2019 15:30:00,10817.6
9/18/2019 15:30:00,10840.65
9/19/2019 15:30:00,10704.8
9/20/2019 15:30:00,11274.2
9/23/2019 15:30:00,11600.2
9/24/2019 15:30:00,11588.2
9/25/2019 15:30:00,11440.2
9/26/2019 15:30:00,11571.2
9/27/2019 15:30:00,11512.4
9/30/2019 15:30:00,11474.45
10/1/2019 15:30:00,11359.9
10/3/2019 15:30:00,11314
10/4/2019 15:30:00,11174.75
10/7/2019 15:30:00,11126.4
10/9/2019 15:30:00,11313.3
10/10/2019 15:30:00,11234.55
10/11/2019 15:30:00,11305.05
10/14/2019 15:30:00,11341.15
10/15/2019 15:30:00,11428.3
10/16/2019 15:30:00,11464
10/17/2019 15:30:00,11586.35
10/18/2019 15:30:00,11661.85
10/22/2019 15:30:00,11588.35
10/23/2019 15:30:00,11604.1
10/24/2019 15:30:00,11582.6
10/25/2019 19:00:00,11583.9
10/27/2019 19:25:00,11627.15
10/29/2019 15:30:00,11786.85
10/30/2019 15:30:00,11844.1
10/31/2019 15:30:00,11877.45
11/1/2019 15:30:00,11890.6
11/4/2019 15:30:00,11941.3
11/5/2019 15:30:00,11917.2
11/6/2019 15:30:00,11966.05
11/7/2019 15:30:00,12012.05
11/8/2019 15:30:00,11908.15
11/11/2019 15:30:00,11913.45
11/13/2019 15:30:00,11840.45
11/14/2019 15:30:00,11872.1
11/15/2019 15:30:00,11895.45
11/18/2019 15:30:00,11884.5
11/19/2019 15:30:00,11940.1
11/20/2019 15:30:00,11999.1
11/21/2019 15:30:00,11968.4
11/22/2019 15:30:00,11914.4
11/25/2019 15:30:00,12073.75
11/26/2019 15:30:00,12037.7
11/27/2019 15:30:00,12100.7
11/28/2019 15:30:00,12151.15
11/29/2019 15:30:00,12056.05
12/2/2019 15:30:00,12048.25
12/3/2019 15:30:00,11994.2
12/4/2019 15:30:00,12043.2
12/5/2019 15:30:00,12018.4
12/6/2019 15:30:00,11921.5
12/9/2019 15:30:00,11937.5
12/10/2019 15:30:00,11856.8
12/11/2019 15:30:00,11910.15
12/12/2019 15:30:00,11971.8
12/13/2019 15:30:00,12086.7
12/16/2019 15:30:00,12053.95
12/17/2019 15:30:00,12165
12/18/2019 15:30:00,12221.65
12/19/2019 15:30:00,12259.7
12/20/2019 15:30:00,12271.8
12/23/2019 15:30:00,12262.75
12/24/2019 15:30:00,12214.55
12/26/2019 15:30:00,12126.55
12/27/2019 15:30:00,12245.8
12/30/2019 15:30:00,12255.85
12/31/2019 15:30:00,12168.45
1/1/2020 15:30:00,12182.5
1/2/2020 15:30:00,12282.2
1/3/2020 15:30:00,12226.65
1/6/2020 15:30:00,11993.05
1/7/2020 15:30:00,12052.95
1/8/2020 15:30:00,12025.35
1/9/2020 15:30:00,12215.9
1/10/2020 15:30:00,12256.8
1/13/2020 15:30:00,12329.55
1/14/2020 15:30:00,12362.3
1/15/2020 15:30:00,12343.3
1/16/2020 15:30:00,12355.5
1/17/2020 15:30:00,12352.35
1/20/2020 15:30:00,12224.55
1/21/2020 15:30:00,12169.85
1/22/2020 15:30:00,12106.9
1/23/2020 15:30:00,12180.35
1/24/2020 15:30:00,12248.25
1/27/2020 15:30:00,12119
1/28/2020 15:30:00,12055.8
1/29/2020 15:30:00,12129.5
1/30/2020 15:30:00,12035.8
1/31/2020 15:30:00,11962.1
2/1/2020 17:00:00,11641.25
2/3/2020 15:30:00,11707.9
2/4/2020 15:30:00,11979.65
2/5/2020 15:30:00,12089.15
2/6/2020 15:30:00,12137.95
2/7/2020 15:30:00,12098.35
2/10/2020 15:30:00,12031.5
2/11/2020 15:30:00,12107.9
2/12/2020 15:30:00,12201.2
2/13/2020 15:30:00,12174.65
2/14/2020 15:30:00,12113.45
2/17/2020 15:30:00,12045.8
2/18/2020 15:30:00,11992.5
2/19/2020 15:30:00,12125.9
2/20/2020 15:30:00,12080.85
2/24/2020 15:30:00,11829.4
2/25/2020 15:30:00,11797.9
2/26/2020 15:30:00,11678.5
2/27/2020 15:30:00,11633.3
2/28/2020 15:30:00,11201.75
3/2/2020 15:30:00,11132.75
3/3/2020 15:30:00,11303.3
3/4/2020 15:30:00,11251
3/5/2020 15:30:00,11269
3/6/2020 15:30:00,10989.45
3/9/2020 15:30:00,10451.45
3/11/2020 15:30:00,10458.4
3/12/2020 15:30:00,9590.15
3/13/2020 15:30:00,9955.2
3/16/2020 15:30:00,9197.4
3/17/2020 15:30:00,8967.05
3/18/2020 15:30:00,8468.8
3/19/2020 15:30:00,8263.45
3/20/2020 15:30:00,8745.45
3/23/2020 15:30:00,7610.25
3/24/2020 15:30:00,7801.05
3/25/2020 15:30:00,8317.85
3/26/2020 15:30:00,8641.45
3/27/2020 15:30:00,8660.25
3/30/2020 15:30:00,8281.1
3/31/2020 15:30:00,8597.75
4/1/2020 15:30:00,8253.8
4/3/2020 15:30:00,8083.8
4/7/2020 15:30:00,8792.2
4/8/2020 15:30:00,8748.75
4/9/2020 15:30:00,9111.9
4/13/2020 15:30:00,8993.85
4/15/2020 15:30:00,8925.3
4/16/2020 15:30:00,8992.8
4/17/2020 15:30:00,9266.75
4/20/2020 15:30:00,9261.85
4/21/2020 15:30:00,8981.45
4/22/2020 15:30:00,9187.3
4/23/2020 15:30:00,9313.9
4/24/2020 15:30:00,9154.4
4/27/2020 15:30:00,9282.3
4/28/2020 15:30:00,9380.9
4/29/2020 15:30:00,9553.35
4/30/2020 15:30:00,9859.9
5/4/2020 15:30:00,9293.5
5/5/2020 15:30:00,9205.6
5/6/2020 15:30:00,9270.9
5/7/2020 15:30:00,9199.05
5/8/2020 15:30:00,9251.5
5/11/2020 15:30:00,9239.2
5/12/2020 15:30:00,9196.55
5/13/2020 15:30:00,9383.55
5/14/2020 15:30:00,9142.75
5/15/2020 15:30:00,9136.85
5/18/2020 15:30:00,8823.25
5/19/2020 15:30:00,8879.1
5/20/2020 15:30:00,9066.55
5/21/2020 15:30:00,9106.25
5/22/2020 15:30:00,9039.25
5/26/2020 15:30:00,9029.05
5/27/2020 15:30:00,9314.95
5/28/2020 15:30:00,9490.1
5/29/2020 15:30:00,9580.3
6/1/2020 15:30:00,9826.15
6/2/2020 15:30:00,9979.1
6/3/2020 15:30:00,10061.55
6/4/2020 15:30:00,10029.1
6/5/2020 15:30:00,10142.15
6/8/2020 15:30:00,10167.45
6/9/2020 15:30:00,10046.65
6/10/2020 15:30:00,10116.15
6/11/2020 15:30:00,9902
6/12/2020 15:30:00,9972.9